{
"lengthUnit": "mil",
"components": {
	"fields": ["COMPONENT_NO", "COMPONENT_NAME", "LAYER", "X_COORDINATE", "Y_COORDINATE", "ANGLE"],
	"rows": [
		[1, "C4", "T", 1235, -1455, 270],
		[2, "C27", "T", 2575, -2110, 180],
		[3, "C28", "T", 2370, -2115, 0],
		[4, "C29", "T", 1930, -1595, 0],
		[5, "C30", "T", 2105, -1595, 0],
		[6, "C32", "T", 2630, -1570, 90],
		[7, "C33", "T", 998.31, -1667.7, 0],
		[8, "C34", "T", 851.84, -2377.7, 0],
		[9, "C35", "T", 2494.57, -1788.81, 90],
		[10, "C36", "T", 1745.58, -644.57, 270],
		[11, "C37", "T", 1646.84, -1586.94, 0],
		[12, "C38", "T", 2060, -1235, 0],
		[13, "DC1", "T", 315, -615, 0],
		[14, "H1", "T", 2605, -345, 0],
		[15, "H2", "T", 2295, -345, 0],
		[16, "H3", "T", 2920, -345, 0],
		[17, "H4", "T", 1981.95, -343.66, 0],
		[18, "H5", "T", 2500.2, -2280.56, 180],
		[19, "H6", "T", 2530, -670, 180],
		[20, "H7", "T", 2530, -790, 180],
		[21, "H8", "T", 2785, -1880, 270],
		[22, "H9", "T", 2895, -1880, 270],
		[23, "H10", "T", 1305, -670, 0],
		[24, "H11", "T", 1305.61, -785.85, 180],
		[25, "LED1", "T", 624.2, -2080.03, 90],
		[26, "R13", "T", 590, -1920, 0],
		[27, "R14", "T", 1070, -2215, 0],
		[28, "R15", "T", 2282.96, -1662.04, 270],
		[29, "SW3", "T", 1335, -2235, 180],
		[30, "U2", "T", 1400, -420, 0],
		[31, "U6", "T", 1055, -1120, 0],
		[32, "U7", "T", 860, -420, 0],
		[33, "U17", "T", 230, -1550, 90],
		[34, "U19", "T", 225, -2100, 90],
		[35, "U20", "T", 375, -1040, 0],
		[36, "U21", "T", 1000, -1925, 0],
		[37, "U22", "T", 2835, -2285, 0],
		[38, "U23", "T", 2210, -1240, 0],
		[39, "X3", "T", 1750, -1890, 180],
		[40, "PAD1", "T", 105, -230, 0],
		[41, "PAD1", "B", 105, -230, 0],
		[42, "PAD2", "T", 3150, -215, 0],
		[43, "PAD2", "B", 3150, -215, 0],
		[44, "PAD3", "T", 3135, -2400, 0],
		[45, "PAD3", "B", 3135, -2400, 0],
		[46, "PAD4", "T", 125, -2415, 0],
		[47, "PAD4", "B", 125, -2415, 0]
	]
},
"pins": {
	"fields": ["PIN_NO", "PIN_NAME", "PIN_X", "PIN_Y", "LAYER", "PIN_TYPE", "NET_NAME", "NET_TYPE", "PAD_SHAPE", "PAD_SIZEX", "PAD_SIZEY", "HOLE_SIZE", "PAD_ANGLE"],
	"rows": [
		[1, "C4_1", 1235, -1389.63, "T", "SMD", "RF_VCC", "", "R", 110.24, 43.31, 0, 270],
		[2, "C4_2", 1235, -1520.38, "T", "SMD", "GND", "GND", "R", 110.24, 43.31, 0, 270],
		[3, "C27_1", 2585.8, -2110, "T", "SMD", "GND", "GND", "R", 14.51, 12.76, 0, 180],
		[4, "C27_2", 2564.2, -2110, "T", "SMD", "12V", "", "R", 14.51, 12.76, 0, 180],
		[5, "C28_1", 2359.2, -2115, "T", "SMD", "GND", "GND", "R", 14.51, 12.76, 0, 0],
		[6, "C28_2", 2380.8, -2115, "T", "SMD", "9V", "", "R", 14.51, 12.76, 0, 0],
		[7, "C29_1", 1919.2, -1595, "T", "SMD", "GND", "GND", "R", 14.51, 12.76, 0, 0],
		[8, "C29_2", 1940.8, -1595, "T", "SMD", "$1N24400", "", "R", 14.51, 12.76, 0, 0],
		[9, "C30_1", 2094.2, -1595, "T", "SMD", "GND", "GND", "R", 14.51, 12.76, 0, 0],
		[10, "C30_2", 2115.8, -1595, "T", "SMD", "$1N24402", "", "R", 14.51, 12.76, 0, 0],
		[11, "C32_1", 2630, -1597.56, "T", "SMD", "GND", "GND", "R", 31.5, 35.43, 0, 90],
		[12, "C32_2", 2630, -1542.44, "T", "SMD", "RF_VCC", "", "R", 31.5, 35.43, 0, 90],
		[13, "C33_1", 1136.55, -1667.7, "T", "SMD", "VIN", "", "R", 86.91, 102.05, 0, 0],
		[14, "C33_2", 860.07, -1667.7, "T", "SMD", "GND", "GND", "R", 86.91, 102.05, 0, 0],
		[15, "C34_1", 926.59, -2377.7, "T", "SMD", "VIN", "", "R", 74.8, 93.54, 0, 0],
		[16, "C34_2", 777.09, -2377.7, "T", "SMD", "GND", "GND", "R", 74.8, 93.54, 0, 0],
		[17, "C35_1", 2494.57, -1714.06, "T", "SMD", "RF_VCC", "", "R", 74.8, 93.54, 0, 90],
		[18, "C35_2", 2494.57, -1863.56, "T", "SMD", "GND", "GND", "R", 74.8, 93.54, 0, 90],
		[19, "C36_1", 1745.58, -719.32, "T", "SMD", "SERVO1_2", "", "R", 74.8, 93.54, 0, 270],
		[20, "C36_2", 1745.58, -569.82, "T", "SMD", "GND", "GND", "R", 74.8, 93.54, 0, 270],
		[21, "C37_1", 1721.59, -1586.94, "T", "SMD", "5V", "", "R", 74.8, 93.54, 0, 0],
		[22, "C37_2", 1572.09, -1586.94, "T", "SMD", "GND", "GND", "R", 74.8, 93.54, 0, 0],
		[23, "C38_1", 2032.44, -1235, "T", "SMD", "5V", "", "R", 31.5, 35.43, 0, 0],
		[24, "C38_2", 2087.56, -1235, "T", "SMD", "GND", "GND", "R", 31.5, 35.43, 0, 0],
		[25, "DC1_2", 334.68, -709.49, "T", "DIP", "GND", "GND", "O", 157.48, 51.18, 137.79, 0],
		[26, "DC1_2", 334.68, -709.49, "B", "DIP", "GND", "GND", "O", 157.48, 51.18, 137.79, 0],
		[27, "DC1_3", 196.89, -520.51, "T", "DIP", "GND", "GND", "O", 157.48, 51.18, 137.79, 270],
		[28, "DC1_3", 196.89, -520.51, "B", "DIP", "GND", "GND", "O", 157.48, 51.18, 137.79, 270],
		[29, "DC1_4", 433.11, -520.51, "T", "DIP", "VIN", "", "O", 157.48, 51.18, 137.79, 90],
		[30, "DC1_4", 433.11, -520.51, "B", "DIP", "VIN", "", "O", 157.48, 51.18, 137.79, 90],
		[31, "H1_1", 2505, -345, "T", "DIP", "GND", "GND", "R", 66.93, 66.93, 43.31, 0],
		[32, "H1_1", 2505, -345, "B", "DIP", "GND", "GND", "R", 66.93, 66.93, 43.31, 0],
		[33, "H1_2", 2605, -345, "T", "DIP", "5V", "", "C", 66.93, 66.93, 43.31, 0],
		[34, "H1_2", 2605, -345, "B", "DIP", "5V", "", "C", 66.93, 66.93, 43.31, 0],
		[35, "H1_3", 2705, -345, "T", "DIP", "SV3", "", "C", 66.93, 66.93, 43.31, 0],
		[36, "H1_3", 2705, -345, "B", "DIP", "SV3", "", "C", 66.93, 66.93, 43.31, 0],
		[37, "H2_1", 2195, -345, "T", "DIP", "GND", "GND", "R", 66.93, 66.93, 43.31, 0],
		[38, "H2_1", 2195, -345, "B", "DIP", "GND", "GND", "R", 66.93, 66.93, 43.31, 0],
		[39, "H2_2", 2295, -345, "T", "DIP", "SERVO1_2", "", "C", 66.93, 66.93, 43.31, 0],
		[40, "H2_2", 2295, -345, "B", "DIP", "SERVO1_2", "", "C", 66.93, 66.93, 43.31, 0],
		[41, "H2_3", 2395, -345, "T", "DIP", "SV2", "", "C", 66.93, 66.93, 43.31, 0],
		[42, "H2_3", 2395, -345, "B", "DIP", "SV2", "", "C", 66.93, 66.93, 43.31, 0],
		[43, "H3_1", 2820, -345, "T", "DIP", "GND", "GND", "R", 66.93, 66.93, 43.31, 0],
		[44, "H3_1", 2820, -345, "B", "DIP", "GND", "GND", "R", 66.93, 66.93, 43.31, 0],
		[45, "H3_2", 2920, -345, "T", "DIP", "5V", "", "C", 66.93, 66.93, 43.31, 0],
		[46, "H3_2", 2920, -345, "B", "DIP", "5V", "", "C", 66.93, 66.93, 43.31, 0],
		[47, "H3_3", 3020, -345, "T", "DIP", "SV4", "", "C", 66.93, 66.93, 43.31, 0],
		[48, "H3_3", 3020, -345, "B", "DIP", "SV4", "", "C", 66.93, 66.93, 43.31, 0],
		[49, "H4_1", 1881.95, -343.66, "T", "DIP", "GND", "GND", "R", 66.93, 66.93, 43.31, 0],
		[50, "H4_1", 1881.95, -343.66, "B", "DIP", "GND", "GND", "R", 66.93, 66.93, 43.31, 0],
		[51, "H4_2", 1981.95, -343.66, "T", "DIP", "SERVO1_2", "", "C", 66.93, 66.93, 43.31, 0],
		[52, "H4_2", 1981.95, -343.66, "B", "DIP", "SERVO1_2", "", "C", 66.93, 66.93, 43.31, 0],
		[53, "H4_3", 2081.95, -343.66, "T", "DIP", "SV1", "", "C", 66.93, 66.93, 43.31, 0],
		[54, "H4_3", 2081.95, -343.66, "B", "DIP", "SV1", "", "C", 66.93, 66.93, 43.31, 0],
		[55, "H5_1", 2600.2, -2280.56, "T", "DIP", "GND", "GND", "R", 66.93, 66.93, 43.31, 180],
		[56, "H5_1", 2600.2, -2280.56, "B", "DIP", "GND", "GND", "R", 66.93, 66.93, 43.31, 180],
		[57, "H5_2", 2500.2, -2280.56, "T", "DIP", "12V", "", "C", 66.93, 66.93, 43.31, 180],
		[58, "H5_2", 2500.2, -2280.56, "B", "DIP", "12V", "", "C", 66.93, 66.93, 43.31, 180],
		[59, "H5_3", 2400.2, -2280.56, "T", "DIP", "9V", "", "C", 66.93, 66.93, 43.31, 180],
		[60, "H5_3", 2400.2, -2280.56, "B", "DIP", "9V", "", "C", 66.93, 66.93, 43.31, 180],
		[61, "H6_1", 2630, -670, "T", "DIP", "GND", "GND", "R", 66.93, 66.93, 43.31, 180],
		[62, "H6_1", 2630, -670, "B", "DIP", "GND", "GND", "R", 66.93, 66.93, 43.31, 180],
		[63, "H6_2", 2530, -670, "T", "DIP", "MOSI", "", "C", 66.93, 66.93, 43.31, 180],
		[64, "H6_2", 2530, -670, "B", "DIP", "MOSI", "", "C", 66.93, 66.93, 43.31, 180],
		[65, "H6_3", 2430, -670, "T", "DIP", "5V", "", "C", 66.93, 66.93, 43.31, 180],
		[66, "H6_3", 2430, -670, "B", "DIP", "5V", "", "C", 66.93, 66.93, 43.31, 180],
		[67, "H7_1", 2630, -790, "T", "DIP", "RESET", "", "R", 66.93, 66.93, 43.31, 180],
		[68, "H7_1", 2630, -790, "B", "DIP", "RESET", "", "R", 66.93, 66.93, 43.31, 180],
		[69, "H7_2", 2530, -790, "T", "DIP", "SCK", "", "C", 66.93, 66.93, 43.31, 180],
		[70, "H7_2", 2530, -790, "B", "DIP", "SCK", "", "C", 66.93, 66.93, 43.31, 180],
		[71, "H7_3", 2430, -790, "T", "DIP", "MISO", "", "C", 66.93, 66.93, 43.31, 180],
		[72, "H7_3", 2430, -790, "B", "DIP", "MISO", "", "C", 66.93, 66.93, 43.31, 180],
		[73, "H8_1", 2785, -1730, "T", "DIP", "GND", "GND", "R", 66.93, 66.93, 43.31, 270],
		[74, "H8_1", 2785, -1730, "B", "DIP", "GND", "GND", "R", 66.93, 66.93, 43.31, 270],
		[75, "H8_2", 2785, -1830, "T", "DIP", "CE", "", "C", 66.93, 66.93, 43.31, 270],
		[76, "H8_2", 2785, -1830, "B", "DIP", "CE", "", "C", 66.93, 66.93, 43.31, 270],
		[77, "H8_3", 2785, -1930, "T", "DIP", "SCK", "", "C", 66.93, 66.93, 43.31, 270],
		[78, "H8_3", 2785, -1930, "B", "DIP", "SCK", "", "C", 66.93, 66.93, 43.31, 270],
		[79, "H8_4", 2785, -2030, "T", "DIP", "MISO", "", "C", 66.93, 66.93, 43.31, 270],
		[80, "H8_4", 2785, -2030, "B", "DIP", "MISO", "", "C", 66.93, 66.93, 43.31, 270],
		[81, "H9_1", 2895, -1730, "T", "DIP", "RF_VCC", "", "R", 66.93, 66.93, 43.31, 270],
		[82, "H9_1", 2895, -1730, "B", "DIP", "RF_VCC", "", "R", 66.93, 66.93, 43.31, 270],
		[83, "H9_2", 2895, -1830, "T", "DIP", "CSN", "", "C", 66.93, 66.93, 43.31, 270],
		[84, "H9_2", 2895, -1830, "B", "DIP", "CSN", "", "C", 66.93, 66.93, 43.31, 270],
		[85, "H9_3", 2895, -1930, "T", "DIP", "MOSI", "", "C", 66.93, 66.93, 43.31, 270],
		[86, "H9_3", 2895, -1930, "B", "DIP", "MOSI", "", "C", 66.93, 66.93, 43.31, 270],
		[87, "H9_4", 2895, -2030, "T", "DIP", "IRQ", "", "C", 66.93, 66.93, 43.31, 270],
		[88, "H9_4", 2895, -2030, "B", "DIP", "IRQ", "", "C", 66.93, 66.93, 43.31, 270],
		[89, "H10_1", 1255, -670, "T", "DIP", "$1N28371", "", "R", 78.74, 78.74, 47.24, 0],
		[90, "H10_1", 1255, -670, "B", "DIP", "$1N28371", "", "R", 78.74, 78.74, 47.24, 0],
		[91, "H10_2", 1355, -670, "T", "DIP", "$1N28369", "", "C", 78.74, 78.74, 47.24, 0],
		[92, "H10_2", 1355, -670, "B", "DIP", "$1N28369", "", "C", 78.74, 78.74, 47.24, 0],
		[93, "H11_1", 1355.61, -785.85, "T", "DIP", "$1N28421", "", "R", 78.74, 78.74, 47.24, 180],
		[94, "H11_1", 1355.61, -785.85, "B", "DIP", "$1N28421", "", "R", 78.74, 78.74, 47.24, 180],
		[95, "H11_2", 1255.61, -785.85, "T", "DIP", "$1N28419", "", "C", 78.74, 78.74, 47.24, 180],
		[96, "H11_2", 1255.61, -785.85, "B", "DIP", "$1N28419", "", "C", 78.74, 78.74, 47.24, 180],
		[97, "LED1_1", 624.2, -2111.5, "T", "SMD", "GND", "GND", "R", 31.5, 31.5, 0, 180],
		[98, "LED1_2", 624.19, -2048.55, "T", "SMD", "$1N20352", "", "R", 31.5, 31.5, 0, 180],
		[99, "R13_1", 572.96, -1920, "T", "SMD", "$1N20352", "", "R", 22.27, 21.26, 0, 0],
		[100, "R13_2", 607.04, -1920, "T", "SMD", "VIN", "", "R", 22.27, 21.26, 0, 0],
		[101, "R14_1", 1052.96, -2215, "T", "SMD", "$1N24281", "", "R", 22.27, 21.26, 0, 0],
		[102, "R14_2", 1087.04, -2215, "T", "SMD", "GND", "GND", "R", 22.27, 21.26, 0, 0],
		[103, "R15_1", 2282.96, -1645, "T", "SMD", "$1N24402", "", "R", 22.27, 21.26, 0, 270],
		[104, "R15_2", 2282.96, -1679.08, "T", "SMD", "$1N24400", "", "R", 22.27, 21.26, 0, 270],
		[105, "SW3_1", 1421.02, -2235, "T", "SMD", "RESET", "", "R", 48.42, 53.54, 0, 180],
		[106, "SW3_2", 1248.98, -2235, "T", "SMD", "$1N24281", "", "R", 48.42, 53.54, 0, 180],
		[107, "U2_1", 1300, -419.81, "T", "DIP", "VIN", "", "R", 70.87, 102.36, 47.24, 0],
		[108, "U2_1", 1300, -419.81, "B", "DIP", "VIN", "", "R", 70.87, 102.36, 47.24, 0],
		[109, "U2_2", 1400, -419.81, "T", "DIP", "GND", "GND", "O", 70.87, 102.36, 47.24, 0],
		[110, "U2_2", 1400, -419.81, "B", "DIP", "GND", "GND", "O", 70.87, 102.36, 47.24, 0],
		[111, "U2_3", 1500, -420.19, "T", "DIP", "5V", "", "O", 70.87, 102.36, 47.24, 0],
		[112, "U2_3", 1500, -420.19, "B", "DIP", "5V", "", "O", 70.87, 102.36, 47.24, 0],
		[113, "U6_1", 1171.93, -1210.55, "T", "SMD", "GND", "GND", "R", 98.42, 43.31, 0, 0],
		[114, "U6_2", 1171.93, -1120, "T", "SMD", "RF_VCC", "", "R", 98.42, 43.31, 0, 0],
		[115, "U6_3", 1171.93, -1029.45, "T", "SMD", "VIN", "", "R", 98.42, 43.31, 0, 0],
		[116, "U6_4", 938.07, -1120, "T", "SMD", "RF_VCC", "", "R", 92.13, 141.73, 0, 0],
		[117, "U7_1", 760, -419.81, "T", "DIP", "VIN", "", "R", 70.87, 102.36, 47.24, 0],
		[118, "U7_1", 760, -419.81, "B", "DIP", "VIN", "", "R", 70.87, 102.36, 47.24, 0],
		[119, "U7_2", 860, -419.81, "T", "DIP", "GND", "GND", "O", 70.87, 102.36, 47.24, 0],
		[120, "U7_2", 860, -419.81, "B", "DIP", "GND", "GND", "O", 70.87, 102.36, 47.24, 0],
		[121, "U7_3", 960, -420.19, "T", "DIP", "SERVO1_2", "", "O", 70.87, 102.36, 47.24, 0],
		[122, "U7_3", 960, -420.19, "B", "DIP", "SERVO1_2", "", "O", 70.87, 102.36, 47.24, 0],
		[123, "U17_1", 229.81, -1650, "T", "DIP", "VIN", "", "R", 70.87, 102.36, 47.24, 90],
		[124, "U17_1", 229.81, -1650, "B", "DIP", "VIN", "", "R", 70.87, 102.36, 47.24, 90],
		[125, "U17_2", 229.81, -1550, "T", "DIP", "GND", "GND", "O", 70.87, 102.36, 47.24, 90],
		[126, "U17_2", 229.81, -1550, "B", "DIP", "GND", "GND", "O", 70.87, 102.36, 47.24, 90],
		[127, "U17_3", 230.19, -1450, "T", "DIP", "9V", "", "O", 70.87, 102.36, 47.24, 90],
		[128, "U17_3", 230.19, -1450, "B", "DIP", "9V", "", "O", 70.87, 102.36, 47.24, 90],
		[129, "U19_1", 224.81, -2200.01, "T", "DIP", "VIN", "", "R", 70.87, 102.36, 47.24, 90],
		[130, "U19_1", 224.81, -2200.01, "B", "DIP", "VIN", "", "R", 70.87, 102.36, 47.24, 90],
		[131, "U19_2", 224.81, -2100.01, "T", "DIP", "GND", "GND", "O", 70.87, 102.36, 47.24, 90],
		[132, "U19_2", 224.81, -2100.01, "B", "DIP", "GND", "GND", "O", 70.87, 102.36, 47.24, 90],
		[133, "U19_3", 225.19, -2000, "T", "DIP", "12V", "", "O", 70.87, 102.36, 47.24, 90],
		[134, "U19_3", 225.19, -2000, "B", "DIP", "12V", "", "O", 70.87, 102.36, 47.24, 90],
		[135, "U20_1", 178.15, -1040, "T", "DIP", "GND", "GND", "C", 70.87, 70.87, 39.37, 0],
		[136, "U20_1", 178.15, -1040, "B", "DIP", "GND", "GND", "C", 70.87, 70.87, 39.37, 0],
		[137, "U20_2", 571.85, -1040, "T", "DIP", "VIN", "", "C", 70.87, 70.87, 39.37, 0],
		[138, "U20_2", 571.85, -1040, "B", "DIP", "VIN", "", "C", 70.87, 70.87, 39.37, 0],
		[139, "U21_1", 803.15, -1925, "T", "DIP", "GND", "GND", "C", 70.87, 70.87, 39.37, 0],
		[140, "U21_1", 803.15, -1925, "B", "DIP", "GND", "GND", "C", 70.87, 70.87, 39.37, 0],
		[141, "U21_2", 1196.85, -1925, "T", "DIP", "VIN", "", "C", 70.87, 70.87, 39.37, 0],
		[142, "U21_2", 1196.85, -1925, "B", "DIP", "VIN", "", "C", 70.87, 70.87, 39.37, 0],
		[143, "U22_1", 2835, -2285, "T", "DIP", "DC_MOTOR", "", "R", 66.93, 66.93, 43.31, 0],
		[144, "U22_1", 2835, -2285, "B", "DIP", "DC_MOTOR", "", "R", 66.93, 66.93, 43.31, 0],
		[145, "U23_1", 1560, -1390, "T", "DIP", "RESET", "", "R", 62.99, 62.99, 39.37, 90],
		[146, "U23_1", 1560, -1390, "B", "DIP", "RESET", "", "R", 62.99, 62.99, 39.37, 90],
		[147, "U23_2", 1660, -1390, "T", "DIP", "$1N28419", "", "C", 62.99, 62.99, 39.37, 90],
		[148, "U23_2", 1660, -1390, "B", "DIP", "$1N28419", "", "C", 62.99, 62.99, 39.37, 90],
		[149, "U23_3", 1760, -1390, "T", "DIP", "$1N28421", "", "C", 62.99, 62.99, 39.37, 90],
		[150, "U23_3", 1760, -1390, "B", "DIP", "$1N28421", "", "C", 62.99, 62.99, 39.37, 90],
		[151, "U23_4", 1860, -1390, "T", "DIP", "U23_4", "", "C", 62.99, 62.99, 39.37, 90],
		[152, "U23_4", 1860, -1390, "B", "DIP", "U23_4", "", "C", 62.99, 62.99, 39.37, 90],
		[153, "U23_5", 1960, -1390, "T", "DIP", "SV1", "", "C", 62.99, 62.99, 39.37, 90],
		[154, "U23_5", 1960, -1390, "B", "DIP", "SV1", "", "C", 62.99, 62.99, 39.37, 90],
		[155, "U23_6", 2060, -1390, "T", "DIP", "U23_6", "", "C", 62.99, 62.99, 39.37, 90],
		[156, "U23_6", 2060, -1390, "B", "DIP", "U23_6", "", "C", 62.99, 62.99, 39.37, 90],
		[157, "U23_7", 2160, -1390, "T", "DIP", "5V", "", "C", 62.99, 62.99, 39.37, 90],
		[158, "U23_7", 2160, -1390, "B", "DIP", "5V", "", "C", 62.99, 62.99, 39.37, 90],
		[159, "U23_8", 2260, -1390, "T", "DIP", "GND", "GND", "C", 62.99, 62.99, 39.37, 90],
		[160, "U23_8", 2260, -1390, "B", "DIP", "GND", "GND", "C", 62.99, 62.99, 39.37, 90],
		[161, "U23_9", 2360, -1390, "T", "DIP", "$1N24400", "", "C", 62.99, 62.99, 39.37, 90],
		[162, "U23_9", 2360, -1390, "B", "DIP", "$1N24400", "", "C", 62.99, 62.99, 39.37, 90],
		[163, "U23_10", 2460, -1390, "T", "DIP", "$1N24402", "", "C", 62.99, 62.99, 39.37, 90],
		[164, "U23_10", 2460, -1390, "B", "DIP", "$1N24402", "", "C", 62.99, 62.99, 39.37, 90],
		[165, "U23_11", 2560, -1390, "T", "DIP", "SV2", "", "C", 62.99, 62.99, 39.37, 90],
		[166, "U23_11", 2560, -1390, "B", "DIP", "SV2", "", "C", 62.99, 62.99, 39.37, 90],
		[167, "U23_12", 2660, -1390, "T", "DIP", "SV3", "", "C", 62.99, 62.99, 39.37, 90],
		[168, "U23_12", 2660, -1390, "B", "DIP", "SV3", "", "C", 62.99, 62.99, 39.37, 90],
		[169, "U23_13", 2760, -1390, "T", "DIP", "CSN", "", "C", 62.99, 62.99, 39.37, 90],
		[170, "U23_13", 2760, -1390, "B", "DIP", "CSN", "", "C", 62.99, 62.99, 39.37, 90],
		[171, "U23_14", 2860, -1390, "T", "DIP", "CE", "", "C", 62.99, 62.99, 39.37, 90],
		[172, "U23_14", 2860, -1390, "B", "DIP", "CE", "", "C", 62.99, 62.99, 39.37, 90],
		[173, "U23_15", 2860, -1090, "T", "DIP", "SV4", "", "C", 62.99, 62.99, 39.37, 90],
		[174, "U23_15", 2860, -1090, "B", "DIP", "SV4", "", "C", 62.99, 62.99, 39.37, 90],
		[175, "U23_16", 2760, -1090, "T", "DIP", "DC_MOTOR", "", "C", 62.99, 62.99, 39.37, 90],
		[176, "U23_16", 2760, -1090, "B", "DIP", "DC_MOTOR", "", "C", 62.99, 62.99, 39.37, 90],
		[177, "U23_17", 2660, -1090, "T", "DIP", "MOSI", "", "C", 62.99, 62.99, 39.37, 90],
		[178, "U23_17", 2660, -1090, "B", "DIP", "MOSI", "", "C", 62.99, 62.99, 39.37, 90],
		[179, "U23_18", 2560, -1090, "T", "DIP", "MISO", "", "C", 62.99, 62.99, 39.37, 90],
		[180, "U23_18", 2560, -1090, "B", "DIP", "MISO", "", "C", 62.99, 62.99, 39.37, 90],
		[181, "U23_19", 2460, -1090, "T", "DIP", "SCK", "", "C", 62.99, 62.99, 39.37, 90],
		[182, "U23_19", 2460, -1090, "B", "DIP", "SCK", "", "C", 62.99, 62.99, 39.37, 90],
		[183, "U23_20", 2360, -1090, "T", "DIP", "5V", "", "C", 62.99, 62.99, 39.37, 90],
		[184, "U23_20", 2360, -1090, "B", "DIP", "5V", "", "C", 62.99, 62.99, 39.37, 90],
		[185, "U23_21", 2260, -1090, "T", "DIP", "U23_21", "", "C", 62.99, 62.99, 39.37, 90],
		[186, "U23_21", 2260, -1090, "B", "DIP", "U23_21", "", "C", 62.99, 62.99, 39.37, 90],
		[187, "U23_22", 2160, -1090, "T", "DIP", "GND", "GND", "C", 62.99, 62.99, 39.37, 90],
		[188, "U23_22", 2160, -1090, "B", "DIP", "GND", "GND", "C", 62.99, 62.99, 39.37, 90],
		[189, "U23_23", 2060, -1090, "T", "DIP", "U23_23", "", "C", 62.99, 62.99, 39.37, 90],
		[190, "U23_23", 2060, -1090, "B", "DIP", "U23_23", "", "C", 62.99, 62.99, 39.37, 90],
		[191, "U23_24", 1960, -1090, "T", "DIP", "U23_24", "", "C", 62.99, 62.99, 39.37, 90],
		[192, "U23_24", 1960, -1090, "B", "DIP", "U23_24", "", "C", 62.99, 62.99, 39.37, 90],
		[193, "U23_25", 1860, -1090, "T", "DIP", "U23_25", "", "C", 62.99, 62.99, 39.37, 90],
		[194, "U23_25", 1860, -1090, "B", "DIP", "U23_25", "", "C", 62.99, 62.99, 39.37, 90],
		[195, "U23_26", 1760, -1090, "T", "DIP", "U23_26", "", "C", 62.99, 62.99, 39.37, 90],
		[196, "U23_26", 1760, -1090, "B", "DIP", "U23_26", "", "C", 62.99, 62.99, 39.37, 90],
		[197, "U23_27", 1660, -1090, "T", "DIP", "$1N28369", "", "C", 62.99, 62.99, 39.37, 90],
		[198, "U23_27", 1660, -1090, "B", "DIP", "$1N28369", "", "C", 62.99, 62.99, 39.37, 90],
		[199, "U23_28", 1560, -1090, "T", "DIP", "$1N28371", "", "C", 62.99, 62.99, 39.37, 90],
		[200, "U23_28", 1560, -1090, "B", "DIP", "$1N28371", "", "C", 62.99, 62.99, 39.37, 90],
		[201, "X3_1", 1846.06, -1890, "T", "DIP", "$1N24402", "", "R", 59.05, 59.05, 35.43, 180],
		[202, "X3_1", 1846.06, -1890, "B", "DIP", "$1N24402", "", "R", 59.05, 59.05, 35.43, 180],
		[203, "X3_2", 1653.94, -1890, "T", "DIP", "$1N24400", "", "C", 59.05, 59.05, 35.43, 180],
		[204, "X3_2", 1653.94, -1890, "B", "DIP", "$1N24400", "", "C", 59.05, 59.05, 35.43, 180],
		[205, "PAD1_1", 105, -230, "T", "DIP", "GND", "GND", "C", 118.11, 118.11, 86.61, 0],
		[206, "PAD1_1", 105, -230, "B", "DIP", "GND", "GND", "C", 118.11, 118.11, 86.61, 0],
		[207, "PAD2_1", 3150, -215, "T", "DIP", "GND", "GND", "C", 118.11, 118.11, 86.61, 0],
		[208, "PAD2_1", 3150, -215, "B", "DIP", "GND", "GND", "C", 118.11, 118.11, 86.61, 0],
		[209, "PAD3_1", 3135, -2400, "T", "DIP", "GND", "GND", "C", 118.11, 118.11, 86.61, 0],
		[210, "PAD3_1", 3135, -2400, "B", "DIP", "GND", "GND", "C", 118.11, 118.11, 86.61, 0],
		[211, "PAD4_1", 125, -2415, "T", "DIP", "GND", "GND", "C", 118.11, 118.11, 86.61, 0],
		[212, "PAD4_1", 125, -2415, "B", "DIP", "GND", "GND", "C", 118.11, 118.11, 86.61, 0]
	]
}
}