{
"lengthUnit": "mil",
"components": {
	"fields": ["COMPONENT_NO", "COMPONENT_NAME", "LAYER", "X_COORDINATE", "Y_COORDINATE", "ANGLE"],
	"rows": [
		[1, "C4", "T", 1235, -1455, 270],
		[2, "C13", "T", 730, -1460, 90],
		[3, "C27", "T", 2575, -2110, 180],
		[4, "C28", "T", 2370, -2115, 0],
		[5, "C29", "T", 1930, -1595, 0],
		[6, "C30", "T", 2105, -1595, 0],
		[7, "C31", "T", 2880, -1545, 180],
		[8, "C32", "T", 2630, -1570, 90],
		[9, "DC1", "T", 315, -615, 0],
		[10, "H1", "T", 2605, -345, 0],
		[11, "H2", "T", 2295, -345, 0],
		[12, "H3", "T", 2920, -345, 0],
		[13, "H4", "T", 1981.95, -343.66, 0],
		[14, "H5", "T", 2500.2, -2280.56, 180],
		[15, "H6", "T", 2530, -670, 180],
		[16, "H7", "T", 2530, -790, 180],
		[17, "H8", "T", 2785, -1880, 270],
		[18, "H9", "T", 2895, -1880, 270],
		[19, "LED1", "T", 624.2, -2080.03, 90],
		[20, "R13", "T", 590, -1920, 0],
		[21, "R14", "T", 1070, -2215, 0],
		[22, "R15", "T", 2282.96, -1662.04, 270],
		[23, "SW3", "T", 1335, -2235, 180],
		[24, "U2", "T", 1400, -420, 0],
		[25, "U4", "T", 1115, -745, 0],
		[26, "U6", "T", 1055, -1120, 0],
		[27, "U7", "T", 860, -420, 0],
		[28, "U8", "T", 1835, -795, 0],
		[29, "U17", "T", 230, -1550, 90],
		[30, "U18", "T", 1920, -2245, 0],
		[31, "U19", "T", 225, -2100, 90],
		[32, "U20", "T", 375, -1040, 0],
		[33, "U21", "T", 1000, -1925, 0],
		[34, "U22", "T", 2835, -2285, 0],
		[35, "U23", "T", 2210, -1240, 0],
		[36, "X3", "T", 1750, -1890, 180]
	]
},
"pins": {
	"fields": ["PIN_NO", "PIN_NAME", "PIN_X", "PIN_Y", "LAYER", "PIN_TYPE", "NET_NAME", "NET_TYPE", "PAD_SHAPE", "PAD_SIZEX", "PAD_SIZEY", "HOLE_SIZE", "PAD_ANGLE"],
	"rows": [
		[1, "C4_1", 1235, -1389.63, "T", "SMD", "RF_VCC", "", "R", 110.24, 43.31, 0, 270],
		[2, "C4_2", 1235, -1520.38, "T", "SMD", "GND", "GND", "R", 110.24, 43.31, 0, 270],
		[3, "C13_1", 730, -1565.12, "T", "SMD", "VIN", "", "R", 137.79, 47.24, 0, 90],
		[4, "C13_2", 730, -1354.88, "T", "SMD", "GND", "GND", "R", 137.79, 47.24, 0, 90],
		[5, "C27_1", 2585.8, -2110, "T", "SMD", "GND", "GND", "R", 14.51, 12.76, 0, 180],
		[6, "C27_2", 2564.2, -2110, "T", "SMD", "12V", "", "R", 14.51, 12.76, 0, 180],
		[7, "C28_1", 2359.2, -2115, "T", "SMD", "GND", "GND", "R", 14.51, 12.76, 0, 0],
		[8, "C28_2", 2380.8, -2115, "T", "SMD", "9V", "", "R", 14.51, 12.76, 0, 0],
		[9, "C29_1", 1919.2, -1595, "T", "SMD", "GND", "GND", "R", 14.51, 12.76, 0, 0],
		[10, "C29_2", 1940.8, -1595, "T", "SMD", "$1N24400", "", "R", 14.51, 12.76, 0, 0],
		[11, "C30_1", 2094.2, -1595, "T", "SMD", "GND", "GND", "R", 14.51, 12.76, 0, 0],
		[12, "C30_2", 2115.8, -1595, "T", "SMD", "$1N24402", "", "R", 14.51, 12.76, 0, 0],
		[13, "C31_1", 2907.56, -1545, "T", "SMD", "GND", "GND", "R", 31.5, 35.43, 0, 180],
		[14, "C31_2", 2852.44, -1545, "T", "SMD", "RF_VCC", "", "R", 31.5, 35.43, 0, 180],
		[15, "C32_1", 2630, -1597.56, "T", "SMD", "GND", "GND", "R", 31.5, 35.43, 0, 90],
		[16, "C32_2", 2630, -1542.44, "T", "SMD", "RF_VCC", "", "R", 31.5, 35.43, 0, 90],
		[17, "DC1_2", 334.68, -709.49, "T", "DIP", "GND", "GND", "O", 157.48, 51.18, 137.79, 0],
		[18, "DC1_2", 334.68, -709.49, "B", "DIP", "GND", "GND", "O", 157.48, 51.18, 137.79, 0],
		[19, "DC1_3", 196.89, -520.51, "T", "DIP", "GND", "GND", "O", 157.48, 51.18, 137.79, 270],
		[20, "DC1_3", 196.89, -520.51, "B", "DIP", "GND", "GND", "O", 157.48, 51.18, 137.79, 270],
		[21, "DC1_4", 433.11, -520.51, "T", "DIP", "VIN", "", "O", 157.48, 51.18, 137.79, 90],
		[22, "DC1_4", 433.11, -520.51, "B", "DIP", "VIN", "", "O", 157.48, 51.18, 137.79, 90],
		[23, "H1_1", 2505, -345, "T", "DIP", "GND", "GND", "R", 66.93, 66.93, 43.31, 0],
		[24, "H1_1", 2505, -345, "B", "DIP", "GND", "GND", "R", 66.93, 66.93, 43.31, 0],
		[25, "H1_2", 2605, -345, "T", "DIP", "5V", "", "C", 66.93, 66.93, 43.31, 0],
		[26, "H1_2", 2605, -345, "B", "DIP", "5V", "", "C", 66.93, 66.93, 43.31, 0],
		[27, "H1_3", 2705, -345, "T", "DIP", "SV3", "", "C", 66.93, 66.93, 43.31, 0],
		[28, "H1_3", 2705, -345, "B", "DIP", "SV3", "", "C", 66.93, 66.93, 43.31, 0],
		[29, "H2_1", 2195, -345, "T", "DIP", "GND", "GND", "R", 66.93, 66.93, 43.31, 0],
		[30, "H2_1", 2195, -345, "B", "DIP", "GND", "GND", "R", 66.93, 66.93, 43.31, 0],
		[31, "H2_2", 2295, -345, "T", "DIP", "SERVO1_2", "", "C", 66.93, 66.93, 43.31, 0],
		[32, "H2_2", 2295, -345, "B", "DIP", "SERVO1_2", "", "C", 66.93, 66.93, 43.31, 0],
		[33, "H2_3", 2395, -345, "T", "DIP", "SV2", "", "C", 66.93, 66.93, 43.31, 0],
		[34, "H2_3", 2395, -345, "B", "DIP", "SV2", "", "C", 66.93, 66.93, 43.31, 0],
		[35, "H3_1", 2820, -345, "T", "DIP", "GND", "GND", "R", 66.93, 66.93, 43.31, 0],
		[36, "H3_1", 2820, -345, "B", "DIP", "GND", "GND", "R", 66.93, 66.93, 43.31, 0],
		[37, "H3_2", 2920, -345, "T", "DIP", "5V", "", "C", 66.93, 66.93, 43.31, 0],
		[38, "H3_2", 2920, -345, "B", "DIP", "5V", "", "C", 66.93, 66.93, 43.31, 0],
		[39, "H3_3", 3020, -345, "T", "DIP", "SV4", "", "C", 66.93, 66.93, 43.31, 0],
		[40, "H3_3", 3020, -345, "B", "DIP", "SV4", "", "C", 66.93, 66.93, 43.31, 0],
		[41, "H4_1", 1881.95, -343.66, "T", "DIP", "GND", "GND", "R", 66.93, 66.93, 43.31, 0],
		[42, "H4_1", 1881.95, -343.66, "B", "DIP", "GND", "GND", "R", 66.93, 66.93, 43.31, 0],
		[43, "H4_2", 1981.95, -343.66, "T", "DIP", "SERVO1_2", "", "C", 66.93, 66.93, 43.31, 0],
		[44, "H4_2", 1981.95, -343.66, "B", "DIP", "SERVO1_2", "", "C", 66.93, 66.93, 43.31, 0],
		[45, "H4_3", 2081.95, -343.66, "T", "DIP", "SV1", "", "C", 66.93, 66.93, 43.31, 0],
		[46, "H4_3", 2081.95, -343.66, "B", "DIP", "SV1", "", "C", 66.93, 66.93, 43.31, 0],
		[47, "H5_1", 2600.2, -2280.56, "T", "DIP", "GND", "GND", "R", 66.93, 66.93, 43.31, 180],
		[48, "H5_1", 2600.2, -2280.56, "B", "DIP", "GND", "GND", "R", 66.93, 66.93, 43.31, 180],
		[49, "H5_2", 2500.2, -2280.56, "T", "DIP", "12V", "", "C", 66.93, 66.93, 43.31, 180],
		[50, "H5_2", 2500.2, -2280.56, "B", "DIP", "12V", "", "C", 66.93, 66.93, 43.31, 180],
		[51, "H5_3", 2400.2, -2280.56, "T", "DIP", "9V", "", "C", 66.93, 66.93, 43.31, 180],
		[52, "H5_3", 2400.2, -2280.56, "B", "DIP", "9V", "", "C", 66.93, 66.93, 43.31, 180],
		[53, "H6_1", 2630, -670, "T", "DIP", "GND", "GND", "R", 66.93, 66.93, 43.31, 180],
		[54, "H6_1", 2630, -670, "B", "DIP", "GND", "GND", "R", 66.93, 66.93, 43.31, 180],
		[55, "H6_2", 2530, -670, "T", "DIP", "MOSI", "", "C", 66.93, 66.93, 43.31, 180],
		[56, "H6_2", 2530, -670, "B", "DIP", "MOSI", "", "C", 66.93, 66.93, 43.31, 180],
		[57, "H6_3", 2430, -670, "T", "DIP", "5V", "", "C", 66.93, 66.93, 43.31, 180],
		[58, "H6_3", 2430, -670, "B", "DIP", "5V", "", "C", 66.93, 66.93, 43.31, 180],
		[59, "H7_1", 2630, -790, "T", "DIP", "RESET", "", "R", 66.93, 66.93, 43.31, 180],
		[60, "H7_1", 2630, -790, "B", "DIP", "RESET", "", "R", 66.93, 66.93, 43.31, 180],
		[61, "H7_2", 2530, -790, "T", "DIP", "SCK", "", "C", 66.93, 66.93, 43.31, 180],
		[62, "H7_2", 2530, -790, "B", "DIP", "SCK", "", "C", 66.93, 66.93, 43.31, 180],
		[63, "H7_3", 2430, -790, "T", "DIP", "MISO", "", "C", 66.93, 66.93, 43.31, 180],
		[64, "H7_3", 2430, -790, "B", "DIP", "MISO", "", "C", 66.93, 66.93, 43.31, 180],
		[65, "H8_1", 2785, -1730, "T", "DIP", "GND", "GND", "R", 66.93, 66.93, 43.31, 270],
		[66, "H8_1", 2785, -1730, "B", "DIP", "GND", "GND", "R", 66.93, 66.93, 43.31, 270],
		[67, "H8_2", 2785, -1830, "T", "DIP", "CE", "", "C", 66.93, 66.93, 43.31, 270],
		[68, "H8_2", 2785, -1830, "B", "DIP", "CE", "", "C", 66.93, 66.93, 43.31, 270],
		[69, "H8_3", 2785, -1930, "T", "DIP", "SCK", "", "C", 66.93, 66.93, 43.31, 270],
		[70, "H8_3", 2785, -1930, "B", "DIP", "SCK", "", "C", 66.93, 66.93, 43.31, 270],
		[71, "H8_4", 2785, -2030, "T", "DIP", "MISO", "", "C", 66.93, 66.93, 43.31, 270],
		[72, "H8_4", 2785, -2030, "B", "DIP", "MISO", "", "C", 66.93, 66.93, 43.31, 270],
		[73, "H9_1", 2895, -1730, "T", "DIP", "RF_VCC", "", "R", 66.93, 66.93, 43.31, 270],
		[74, "H9_1", 2895, -1730, "B", "DIP", "RF_VCC", "", "R", 66.93, 66.93, 43.31, 270],
		[75, "H9_2", 2895, -1830, "T", "DIP", "MOSI", "", "C", 66.93, 66.93, 43.31, 270],
		[76, "H9_2", 2895, -1830, "B", "DIP", "MOSI", "", "C", 66.93, 66.93, 43.31, 270],
		[77, "H9_3", 2895, -1930, "T", "DIP", "NET13", "", "C", 66.93, 66.93, 43.31, 270],
		[78, "H9_3", 2895, -1930, "B", "DIP", "NET13", "", "C", 66.93, 66.93, 43.31, 270],
		[79, "H9_4", 2895, -2030, "T", "DIP", "IRQ", "", "C", 66.93, 66.93, 43.31, 270],
		[80, "H9_4", 2895, -2030, "B", "DIP", "IRQ", "", "C", 66.93, 66.93, 43.31, 270],
		[81, "LED1_1", 624.2, -2111.5, "T", "SMD", "GND", "GND", "R", 31.5, 31.5, 0, 180],
		[82, "LED1_2", 624.19, -2048.55, "T", "SMD", "$1N20352", "", "R", 31.5, 31.5, 0, 180],
		[83, "R13_1", 572.96, -1920, "T", "SMD", "$1N20352", "", "R", 22.27, 21.26, 0, 0],
		[84, "R13_2", 607.04, -1920, "T", "SMD", "VIN", "", "R", 22.27, 21.26, 0, 0],
		[85, "R14_1", 1052.96, -2215, "T", "SMD", "$1N24281", "", "R", 22.27, 21.26, 0, 0],
		[86, "R14_2", 1087.04, -2215, "T", "SMD", "GND", "GND", "R", 22.27, 21.26, 0, 0],
		[87, "R15_1", 2282.96, -1645, "T", "SMD", "$1N24402", "", "R", 22.27, 21.26, 0, 270],
		[88, "R15_2", 2282.96, -1679.08, "T", "SMD", "$1N24400", "", "R", 22.27, 21.26, 0, 270],
		[89, "SW3_1", 1421.02, -2235, "T", "SMD", "RESET", "", "R", 48.42, 53.54, 0, 180],
		[90, "SW3_2", 1248.98, -2235, "T", "SMD", "$1N24281", "", "R", 48.42, 53.54, 0, 180],
		[91, "U2_1", 1300, -419.81, "T", "DIP", "VIN", "", "R", 70.87, 102.36, 47.24, 0],
		[92, "U2_1", 1300, -419.81, "B", "DIP", "VIN", "", "R", 70.87, 102.36, 47.24, 0],
		[93, "U2_2", 1400, -419.81, "T", "DIP", "GND", "GND", "O", 70.87, 102.36, 47.24, 0],
		[94, "U2_2", 1400, -419.81, "B", "DIP", "GND", "GND", "O", 70.87, 102.36, 47.24, 0],
		[95, "U2_3", 1500, -420.19, "T", "DIP", "5V", "", "O", 70.87, 102.36, 47.24, 0],
		[96, "U2_3", 1500, -420.19, "B", "DIP", "5V", "", "O", 70.87, 102.36, 47.24, 0],
		[97, "U4_1", 998.86, -745, "T", "DIP", "5V", "", "C", 62.99, 62.99, 31.5, 0],
		[98, "U4_1", 998.86, -745, "B", "DIP", "5V", "", "C", 62.99, 62.99, 31.5, 0],
		[99, "U4_2", 1231.14, -745, "T", "DIP", "GND", "GND", "C", 62.99, 62.99, 31.5, 0],
		[100, "U4_2", 1231.14, -745, "B", "DIP", "GND", "GND", "C", 62.99, 62.99, 31.5, 0],
		[101, "U6_1", 1171.93, -1210.55, "T", "SMD", "GND", "GND", "R", 98.42, 43.31, 0, 0],
		[102, "U6_2", 1171.93, -1120, "T", "SMD", "RF_VCC", "", "R", 98.42, 43.31, 0, 0],
		[103, "U6_3", 1171.93, -1029.45, "T", "SMD", "VIN", "", "R", 98.42, 43.31, 0, 0],
		[104, "U6_4", 938.07, -1120, "T", "SMD", "RF_VCC", "", "R", 92.13, 141.73, 0, 0],
		[105, "U7_1", 760, -419.81, "T", "DIP", "VIN", "", "R", 70.87, 102.36, 47.24, 0],
		[106, "U7_1", 760, -419.81, "B", "DIP", "VIN", "", "R", 70.87, 102.36, 47.24, 0],
		[107, "U7_2", 860, -419.81, "T", "DIP", "GND", "GND", "O", 70.87, 102.36, 47.24, 0],
		[108, "U7_2", 860, -419.81, "B", "DIP", "GND", "GND", "O", 70.87, 102.36, 47.24, 0],
		[109, "U7_3", 960, -420.19, "T", "DIP", "SERVO1_2", "", "O", 70.87, 102.36, 47.24, 0],
		[110, "U7_3", 960, -420.19, "B", "DIP", "SERVO1_2", "", "O", 70.87, 102.36, 47.24, 0],
		[111, "U8_1", 1718.86, -795, "T", "DIP", "SERVO1_2", "", "C", 62.99, 62.99, 31.5, 0],
		[112, "U8_1", 1718.86, -795, "B", "DIP", "SERVO1_2", "", "C", 62.99, 62.99, 31.5, 0],
		[113, "U8_2", 1951.14, -795, "T", "DIP", "GND", "GND", "C", 62.99, 62.99, 31.5, 0],
		[114, "U8_2", 1951.14, -795, "B", "DIP", "GND", "GND", "C", 62.99, 62.99, 31.5, 0],
		[115, "U17_1", 229.81, -1650, "T", "DIP", "VIN", "", "R", 70.87, 102.36, 47.24, 90],
		[116, "U17_1", 229.81, -1650, "B", "DIP", "VIN", "", "R", 70.87, 102.36, 47.24, 90],
		[117, "U17_2", 229.81, -1550, "T", "DIP", "GND", "GND", "O", 70.87, 102.36, 47.24, 90],
		[118, "U17_2", 229.81, -1550, "B", "DIP", "GND", "GND", "O", 70.87, 102.36, 47.24, 90],
		[119, "U17_3", 230.19, -1450, "T", "DIP", "9V", "", "O", 70.87, 102.36, 47.24, 90],
		[120, "U17_3", 230.19, -1450, "B", "DIP", "9V", "", "O", 70.87, 102.36, 47.24, 90],
		[121, "U18_1", 1803.86, -2245, "T", "DIP", "VIN", "", "C", 62.99, 62.99, 31.5, 0],
		[122, "U18_1", 1803.86, -2245, "B", "DIP", "VIN", "", "C", 62.99, 62.99, 31.5, 0],
		[123, "U18_2", 2036.14, -2245, "T", "DIP", "GND", "GND", "C", 62.99, 62.99, 31.5, 0],
		[124, "U18_2", 2036.14, -2245, "B", "DIP", "GND", "GND", "C", 62.99, 62.99, 31.5, 0],
		[125, "U19_1", 224.81, -2200.01, "T", "DIP", "VIN", "", "R", 70.87, 102.36, 47.24, 90],
		[126, "U19_1", 224.81, -2200.01, "B", "DIP", "VIN", "", "R", 70.87, 102.36, 47.24, 90],
		[127, "U19_2", 224.81, -2100.01, "T", "DIP", "GND", "GND", "O", 70.87, 102.36, 47.24, 90],
		[128, "U19_2", 224.81, -2100.01, "B", "DIP", "GND", "GND", "O", 70.87, 102.36, 47.24, 90],
		[129, "U19_3", 225.19, -2000, "T", "DIP", "12V", "", "O", 70.87, 102.36, 47.24, 90],
		[130, "U19_3", 225.19, -2000, "B", "DIP", "12V", "", "O", 70.87, 102.36, 47.24, 90],
		[131, "U20_1", 178.15, -1040, "T", "DIP", "GND", "GND", "C", 70.87, 70.87, 39.37, 0],
		[132, "U20_1", 178.15, -1040, "B", "DIP", "GND", "GND", "C", 70.87, 70.87, 39.37, 0],
		[133, "U20_2", 571.85, -1040, "T", "DIP", "VIN", "", "C", 70.87, 70.87, 39.37, 0],
		[134, "U20_2", 571.85, -1040, "B", "DIP", "VIN", "", "C", 70.87, 70.87, 39.37, 0],
		[135, "U21_1", 803.15, -1925, "T", "DIP", "GND", "GND", "C", 70.87, 70.87, 39.37, 0],
		[136, "U21_1", 803.15, -1925, "B", "DIP", "GND", "GND", "C", 70.87, 70.87, 39.37, 0],
		[137, "U21_2", 1196.85, -1925, "T", "DIP", "VIN", "", "C", 70.87, 70.87, 39.37, 0],
		[138, "U21_2", 1196.85, -1925, "B", "DIP", "VIN", "", "C", 70.87, 70.87, 39.37, 0],
		[139, "U22_1", 2835, -2285, "T", "DIP", "DC_MOTOR", "", "R", 66.93, 66.93, 43.31, 0],
		[140, "U22_1", 2835, -2285, "B", "DIP", "DC_MOTOR", "", "R", 66.93, 66.93, 43.31, 0],
		[141, "U23_1", 1560, -1390, "T", "DIP", "RESET", "", "R", 62.99, 62.99, 39.37, 90],
		[142, "U23_1", 1560, -1390, "B", "DIP", "RESET", "", "R", 62.99, 62.99, 39.37, 90],
		[143, "U23_2", 1660, -1390, "T", "DIP", "U23_2", "", "C", 62.99, 62.99, 39.37, 90],
		[144, "U23_2", 1660, -1390, "B", "DIP", "U23_2", "", "C", 62.99, 62.99, 39.37, 90],
		[145, "U23_3", 1760, -1390, "T", "DIP", "U23_3", "", "C", 62.99, 62.99, 39.37, 90],
		[146, "U23_3", 1760, -1390, "B", "DIP", "U23_3", "", "C", 62.99, 62.99, 39.37, 90],
		[147, "U23_4", 1860, -1390, "T", "DIP", "U23_4", "", "C", 62.99, 62.99, 39.37, 90],
		[148, "U23_4", 1860, -1390, "B", "DIP", "U23_4", "", "C", 62.99, 62.99, 39.37, 90],
		[149, "U23_5", 1960, -1390, "T", "DIP", "SV1", "", "C", 62.99, 62.99, 39.37, 90],
		[150, "U23_5", 1960, -1390, "B", "DIP", "SV1", "", "C", 62.99, 62.99, 39.37, 90],
		[151, "U23_6", 2060, -1390, "T", "DIP", "U23_6", "", "C", 62.99, 62.99, 39.37, 90],
		[152, "U23_6", 2060, -1390, "B", "DIP", "U23_6", "", "C", 62.99, 62.99, 39.37, 90],
		[153, "U23_7", 2160, -1390, "T", "DIP", "5V", "", "C", 62.99, 62.99, 39.37, 90],
		[154, "U23_7", 2160, -1390, "B", "DIP", "5V", "", "C", 62.99, 62.99, 39.37, 90],
		[155, "U23_8", 2260, -1390, "T", "DIP", "GND", "GND", "C", 62.99, 62.99, 39.37, 90],
		[156, "U23_8", 2260, -1390, "B", "DIP", "GND", "GND", "C", 62.99, 62.99, 39.37, 90],
		[157, "U23_9", 2360, -1390, "T", "DIP", "$1N24400", "", "C", 62.99, 62.99, 39.37, 90],
		[158, "U23_9", 2360, -1390, "B", "DIP", "$1N24400", "", "C", 62.99, 62.99, 39.37, 90],
		[159, "U23_10", 2460, -1390, "T", "DIP", "$1N24402", "", "C", 62.99, 62.99, 39.37, 90],
		[160, "U23_10", 2460, -1390, "B", "DIP", "$1N24402", "", "C", 62.99, 62.99, 39.37, 90],
		[161, "U23_11", 2560, -1390, "T", "DIP", "SV2", "", "C", 62.99, 62.99, 39.37, 90],
		[162, "U23_11", 2560, -1390, "B", "DIP", "SV2", "", "C", 62.99, 62.99, 39.37, 90],
		[163, "U23_12", 2660, -1390, "T", "DIP", "SV3", "", "C", 62.99, 62.99, 39.37, 90],
		[164, "U23_12", 2660, -1390, "B", "DIP", "SV3", "", "C", 62.99, 62.99, 39.37, 90],
		[165, "U23_13", 2760, -1390, "T", "DIP", "CSN", "", "C", 62.99, 62.99, 39.37, 90],
		[166, "U23_13", 2760, -1390, "B", "DIP", "CSN", "", "C", 62.99, 62.99, 39.37, 90],
		[167, "U23_14", 2860, -1390, "T", "DIP", "CE", "", "C", 62.99, 62.99, 39.37, 90],
		[168, "U23_14", 2860, -1390, "B", "DIP", "CE", "", "C", 62.99, 62.99, 39.37, 90],
		[169, "U23_15", 2860, -1090, "T", "DIP", "SV4", "", "C", 62.99, 62.99, 39.37, 90],
		[170, "U23_15", 2860, -1090, "B", "DIP", "SV4", "", "C", 62.99, 62.99, 39.37, 90],
		[171, "U23_16", 2760, -1090, "T", "DIP", "DC_MOTOR", "", "C", 62.99, 62.99, 39.37, 90],
		[172, "U23_16", 2760, -1090, "B", "DIP", "DC_MOTOR", "", "C", 62.99, 62.99, 39.37, 90],
		[173, "U23_17", 2660, -1090, "T", "DIP", "MOSI", "", "C", 62.99, 62.99, 39.37, 90],
		[174, "U23_17", 2660, -1090, "B", "DIP", "MOSI", "", "C", 62.99, 62.99, 39.37, 90],
		[175, "U23_18", 2560, -1090, "T", "DIP", "MISO", "", "C", 62.99, 62.99, 39.37, 90],
		[176, "U23_18", 2560, -1090, "B", "DIP", "MISO", "", "C", 62.99, 62.99, 39.37, 90],
		[177, "U23_19", 2460, -1090, "T", "DIP", "SCK", "", "C", 62.99, 62.99, 39.37, 90],
		[178, "U23_19", 2460, -1090, "B", "DIP", "SCK", "", "C", 62.99, 62.99, 39.37, 90],
		[179, "U23_20", 2360, -1090, "T", "DIP", "U23_20", "", "C", 62.99, 62.99, 39.37, 90],
		[180, "U23_20", 2360, -1090, "B", "DIP", "U23_20", "", "C", 62.99, 62.99, 39.37, 90],
		[181, "U23_21", 2260, -1090, "T", "DIP", "U23_21", "", "C", 62.99, 62.99, 39.37, 90],
		[182, "U23_21", 2260, -1090, "B", "DIP", "U23_21", "", "C", 62.99, 62.99, 39.37, 90],
		[183, "U23_22", 2160, -1090, "T", "DIP", "GND", "GND", "C", 62.99, 62.99, 39.37, 90],
		[184, "U23_22", 2160, -1090, "B", "DIP", "GND", "GND", "C", 62.99, 62.99, 39.37, 90],
		[185, "U23_23", 2060, -1090, "T", "DIP", "U23_23", "", "C", 62.99, 62.99, 39.37, 90],
		[186, "U23_23", 2060, -1090, "B", "DIP", "U23_23", "", "C", 62.99, 62.99, 39.37, 90],
		[187, "U23_24", 1960, -1090, "T", "DIP", "U23_24", "", "C", 62.99, 62.99, 39.37, 90],
		[188, "U23_24", 1960, -1090, "B", "DIP", "U23_24", "", "C", 62.99, 62.99, 39.37, 90],
		[189, "U23_25", 1860, -1090, "T", "DIP", "U23_25", "", "C", 62.99, 62.99, 39.37, 90],
		[190, "U23_25", 1860, -1090, "B", "DIP", "U23_25", "", "C", 62.99, 62.99, 39.37, 90],
		[191, "U23_26", 1760, -1090, "T", "DIP", "U23_26", "", "C", 62.99, 62.99, 39.37, 90],
		[192, "U23_26", 1760, -1090, "B", "DIP", "U23_26", "", "C", 62.99, 62.99, 39.37, 90],
		[193, "U23_27", 1660, -1090, "T", "DIP", "U23_27", "", "C", 62.99, 62.99, 39.37, 90],
		[194, "U23_27", 1660, -1090, "B", "DIP", "U23_27", "", "C", 62.99, 62.99, 39.37, 90],
		[195, "U23_28", 1560, -1090, "T", "DIP", "U23_28", "", "C", 62.99, 62.99, 39.37, 90],
		[196, "U23_28", 1560, -1090, "B", "DIP", "U23_28", "", "C", 62.99, 62.99, 39.37, 90],
		[197, "X3_1", 1846.06, -1890, "T", "DIP", "$1N24402", "", "R", 59.05, 59.05, 35.43, 180],
		[198, "X3_1", 1846.06, -1890, "B", "DIP", "$1N24402", "", "R", 59.05, 59.05, 35.43, 180],
		[199, "X3_2", 1653.94, -1890, "T", "DIP", "$1N24400", "", "C", 59.05, 59.05, 35.43, 180],
		[200, "X3_2", 1653.94, -1890, "B", "DIP", "$1N24400", "", "C", 59.05, 59.05, 35.43, 180]
	]
}
}